job_id,scenario,dataset,train_dataset_name,eval_dataset_name,evaluation_mode,model_type,feature_set,threshold_mode,threshold,threshold_selected_on,roc_auc,pr_auc,precision,recall,f1_score,false_positive_rate,alert_rate,positive_share,precision_at_100,recall_at_100,lift_at_100,precision_at_500,recall_at_500,lift_at_500,tp,fp,fn,tn,train_rows,valid_rows,test_rows,train_time_sec,inference_time_sec,bundle_path,source_file
base_lightgbm_raw,Base,Base,base,base,held_out_test,lightgbm,raw,default_0.5,0.5,fixed,0.8916264144660111,0.1964443296722542,0.0722771808586169,0.7463343108504399,0.1317913088508177,0.1324736066615299,0.1408466666666666,0.01364,0.59,0.0288367546432062,43.25513196480939,0.424,0.1036168132942326,31.0850439882698,1527,19600,519,128354,700000,150000,150000,40.369411327992566,1.1540933840005891,/opt/project/artifacts/models/benchmark/base_lightgbm_raw_lightgbm_raw_bundle.joblib,base_lightgbm_raw.csv
base_lightgbm_engineered,Base,Base,base,base,held_out_test,lightgbm,engineered,default_0.5,0.5,fixed,0.8928952033135025,0.1962581523365444,0.0749864778482568,0.7453567937438905,0.1362641290264933,0.1271476269651378,0.13558,0.01364,0.58,0.0283479960899315,42.52199413489736,0.402,0.0982404692082111,29.472140762463347,1525,18812,521,129142,700000,150000,150000,47.04309290299716,2.050783765997039,/opt/project/artifacts/models/benchmark/base_lightgbm_engineered_lightgbm_engineered_bundle.joblib,base_lightgbm_engineered.csv
base_xgboost_raw,Base,Base,base,base,held_out_test,xgboost,raw,default_0.5,0.5,fixed,0.8921121454079061,0.1956503165681584,0.0773069924616584,0.7267839687194526,0.1397490719421079,0.1199562026035119,0.1282333333333333,0.01364,0.62,0.0303030303030303,45.45454545454545,0.414,0.1011730205278592,30.35190615835777,1487,17748,559,130206,700000,150000,150000,30.150460884993663,0.8269519649911672,/opt/project/artifacts/models/benchmark/base_xgboost_raw_xgboost_raw_bundle.joblib,base_xgboost_raw.csv
base_xgboost_engineered,Base,Base,base,base,held_out_test,xgboost,engineered,default_0.5,0.5,fixed,0.8916977557593625,0.1931122638862661,0.0786504838795915,0.7189638318670577,0.1417899657814834,0.1164686321424226,0.1246866666666666,0.01364,0.63,0.0307917888563049,46.18768328445748,0.4,0.0977517106549364,29.32551319648094,1471,17232,575,130722,700000,150000,150000,42.816219540007296,1.6551031160051934,/opt/project/artifacts/models/benchmark/base_xgboost_engineered_xgboost_engineered_bundle.joblib,base_xgboost_engineered.csv
